﻿Regiao - Sigla;Estado - Sigla;Municipio;Revenda;CNPJ da Revenda;Nome da Rua;Numero Rua;Complemento;Bairro;Cep;Produto;Data da Coleta;Valor de Venda;Valor de Compra;Unidade de Medida;Bandeira
SE;SP;GUARULHOS;AUTO POSTO SAKAMOTO LTDA; 49.051.667/0001-02;RODOVIA PRESIDENTE DUTRA;S/N;KM 210,5-SENT SP/RJ;BONSUCESSO;07178-580;GASOLINA;03/01/2017;3,699;3,1874;R$ / litro;PETROBRAS DISTRIBUIDORA S.A.
SE;SP;GUARULHOS;AUTO POSTO SAKAMOTO LTDA; 49.051.667/0001-02;RODOVIA PRESIDENTE DUTRA;S/N;KM 210,5-SENT SP/RJ;BONSUCESSO;07178-580;ETANOL;03/01/2017;2,899;2,4963;R$ / litro;PETROBRAS DISTRIBUIDORA S.A.
SE;SP;GUARULHOS;AUTO POSTO SAKAMOTO LTDA; 49.051.667/0001-02;RODOVIA PRESIDENTE DUTRA;S/N;KM 210,5-SENT SP/RJ;BONSUCESSO;07178-580;DIESEL;03/01/2017;2,959;2,5284;R$ / litro;PETROBRAS DISTRIBUIDORA S.A.
SE;SP;GUARULHOS;AUTO POSTO SAKAMOTO LTDA; 49.051.667/0001-02;RODOVIA PRESIDENTE DUTRA;S/N;KM 210,5-SENT SP/RJ;BONSUCESSO;07178-580;DIESEL S10;03/01/2017;3,079;2,6658;R$ / litro;PETROBRAS DISTRIBUIDORA S.A.
SE;SP;GUARULHOS;AUTO POSTO SAKAMOTO LTDA; 49.051.667/0001-02;RODOVIA PRESIDENTE DUTRA;S/N;KM 210,5-SENT SP/RJ;BONSUCESSO;07178-580;GNV;03/01/2017;2,099;;R$ / m³;PETROBRAS DISTRIBUIDORA S.A.